{"cameraMode":{"drawMode":0,"name":"Shaded","section":"Shading Mode"},"sceneLighting":false,"audioPlay":false,"sceneViewState":{"showFog":true,"showMaterialUpdate":false,"showSkybox":true,"showFlares":true,"showImageEffects":true,"showParticleSystems":true},"in2DMode":false,"pivot":{"x":35.17888641357422,"y":1.159928321838379,"z":2.7837207317352297},"rotation":{"x":-0.13113591074943543,"y":-0.22310693562030793,"z":0.030303416773676873,"w":-0.9654576182365418},"size":11.86447811126709,"orthographic":false}