{"cameraMode":{"drawMode":0,"name":"Shaded","section":"Shading Mode"},"sceneLighting":false,"audioPlay":false,"sceneViewState":{"showFog":true,"showMaterialUpdate":false,"showSkybox":true,"showFlares":true,"showImageEffects":true,"showParticleSystems":true},"in2DMode":false,"pivot":{"x":0.0,"y":1.790684461593628,"z":0.1141805648803711},"rotation":{"x":-0.07920192927122116,"y":0.02682688646018505,"z":-0.002130787819623947,"w":-0.9964953064918518},"size":14.953953742980957,"orthographic":false}