{"cameraMode":{"drawMode":0,"name":"Shaded","section":"Shading Mode"},"sceneLighting":false,"audioPlay":false,"sceneViewState":{"showFog":true,"showMaterialUpdate":false,"showSkybox":true,"showFlares":true,"showImageEffects":true,"showParticleSystems":true},"in2DMode":false,"pivot":{"x":0.6746039390563965,"y":1.0446627140045167,"z":3.387155055999756},"rotation":{"x":-0.07920192927122116,"y":0.02682688646018505,"z":-0.002130787819623947,"w":-0.9964953064918518},"size":15.561488151550293,"orthographic":false}